frame,time_s,Gx,Gy,Bx,By,theta1_rad,theta2_rad,theta1_deg,theta2_deg,theta1_interpolated,theta2_rel_interpolated
40,0.6665999561114769,1264.0,252.0,1220.0,500.0,1.7438334716683002,-0.17559216195018024,99.91429810023982,-10.06068979532297,False,False
41,0.6832649550142638,1268.0,288.0,1217.0,534.0,1.641499805343988,-0.20442120537714656,94.05101091775668,-11.712472311087508,False,False
42,0.6999299539170507,1269.0,329.0,1214.0,575.0,1.5256293261990774,-0.21995982295381983,87.4121214925947,-12.602769517698684,False,False
43,0.7165949528198376,1264.0,375.0,1212.0,622.0,1.394980150511546,-0.20749622643520266,79.92647512883593,-11.888658039627975,False,False
44,0.7332599517226246,1252.0,427.0,1211.0,675.0,1.244601357217295,-0.16384063368712676,71.31040494480514,-9.387376823021302,False,False
45,0.7499249506254115,1229.0,481.0,1212.0,730.0,1.0795175609403327,-0.06816730953420995,61.85180015213771,-3.9056991370721277,False,False
46,0.7665899495281984,1193.0,536.0,1217.0,782.0,0.8947407490447299,0.09725319825156577,51.264868678636965,5.572197803963795,False,False
47,0.7832549484309853,1141.0,590.0,1222.0,817.0,0.6843518302191531,0.3427448446981147,39.210471573610945,19.637833051068824,False,False
48,0.7999199473337723,1072.0,635.0,1214.0,822.0,0.4536604254618908,0.6494635594303335,25.992827711075613,37.21152090290202,False,False
49,0.8165849462365592,996.0,663.0,1182.0,805.0,0.22742476076163326,0.9187484175690007,13.030478948414036,52.64040676102675,False,False
50,0.8332499451393461,920.0,672.0,1130.0,783.0,0.013926676161481957,1.0845536937073916,0.7979397666983699,62.14034930475773,False,False
51,0.8499149440421331,849.0,666.0,1067.0,765.0,-0.18483477864149442,1.1445144955968738,-10.590252723392442,65.57585018924512,False,False
52,0.8665799429449199,783.0,647.0,999.0,756.0,-0.3763698960513447,1.103451876964324,-21.56440657951956,63.223135445844754,False,False
53,0.8832449418477069,724.0,618.0,923.0,755.0,-0.5594829675436092,0.9678694582572441,-32.056012749703626,55.45483507775349,False,False
54,0.8999099407504938,676.0,583.0,840.0,759.0,-0.724569566128337,0.750118689803857,-41.51477810277892,42.978635059643985,False,False
55,0.9165749396532809,639.0,544.0,748.0,760.0,-0.8739235821214641,0.4673444498305725,-50.0721328725145,26.776864554155246,False,False
56,0.9332399385560676,613.0,509.0,644.0,748.0,-0.9951197553681026,0.12898697377178114,-57.016162092683224,7.390409209287705,False,False
57,0.9499049374588544,596.0,481.0,537.0,716.0,-1.086060033211239,-0.24597966379353,-62.22665620084201,-14.093596581416215,False,False
58,0.9665699363616416,588.0,463.0,440.0,654.0,-1.140718191739034,-0.6592282888106326,-65.35833800044166,-37.77099868448056,False,False
59,0.9832349352644284,584.0,456.0,369.0,565.0,-1.1629912202742605,-1.1015829125589363,-66.63448853248458,-63.116051673355855,False,False
60,0.9998999341672152,584.0,454.0,343.0,461.0,-1.1680943180316181,-1.5417588476222515,-66.92687449642385,-88.33627499570841,False,False
61,1.0165649330700022,582.0,451.0,360.0,360.0,-1.1779258193302489,-1.95981643008819,-67.49017802711278,-112.28921006444905,False,False
62,1.0332299319727891,580.0,446.0,410.0,277.0,-1.192865935741516,-2.3532446462411003,-68.34618364291252,-134.83098639137148,False,False
63,1.049894930875576,577.0,437.0,479.0,217.0,-1.2191776802200784,-2.722525153889973,-69.8537355531608,-155.98920093610042,False,False
64,1.066559929778363,573.0,426.0,561.0,186.0,-1.251679655684168,-3.0916342578678506,-71.7159615730909,-177.13759477388825,False,False
65,1.08322492868115,569.0,414.0,647.0,184.0,-1.286780266641373,2.8146338129540793,-73.72707843926939,161.2666383570831,False,False
66,1.0998899275839369,565.0,400.0,726.0,213.0,-1.327162652769581,2.430768582803017,-76.04081873108335,139.27278076760925,False,False
67,1.1165549264867238,562.0,386.0,785.0,273.0,-1.3668720240170622,2.039810610569847,-78.31599811068216,116.87253899165577,False,False
68,1.1332199253895108,560.0,376.0,798.0367234585996,356.49312210797956,-1.3951601178025037,1.6525626427013762,-79.93678649505821,94.68486480777469,False,True
69,1.1498849242922975,560.0,372.0,801.0,448.0,-1.4061044789510488,1.2653146748329067,-80.5638521983368,72.49719062389367,False,False
70,1.1665499231950849,560.0,377.0,762.0,534.0,-1.3924305521631788,0.9100959758944412,-79.78039390402097,52.144658370591394,False,False
71,1.1832149220978714,564.0,393.0,702.0,608.0,-1.3467041138137847,0.5706319296214446,-77.16046197443553,32.694801222715,False,False
72,1.1998799210006583,571.0,420.0,632.0,668.0,-1.2692361802812098,0.24118001093284372,-72.721876335419,13.818596729370999,False,False
73,1.2165449199034453,585.0,458.0,556.0,709.0,-1.1567973241826968,-0.11502782271500556,-66.2796044276954,-6.590608768148881,False,False
74,1.2332099188062322,611.0,506.0,487.0,718.0,-1.0051320715950876,-0.5292467808318448,-57.58982555563981,-30.323606862549987,False,False
75,1.2498749177090192,652.0,559.0,450.0,686.0,-0.8187845743341486,-1.009531535755878,-46.912900439762346,-57.84189628417217,False,False
76,1.266539916611806,702.0,604.0,465.0,629.0,-0.6318543808578923,-1.4656997526629671,-36.20258929000894,-83.97840986095666,False,False
77,1.283204915514593,754.0,634.0,516.0,577.0,-0.464892938369488,-1.8058645116205492,-26.636403294007152,-103.46841488831107,False,False
78,1.29986991441738,805.0,655.0,589.0,535.0,-0.31118756699358885,-2.0778948311872334,-17.8297342256772,-119.05460409907714,False,False
79,1.316534913320167,858.0,668.0,668.0,506.0,-0.15920453160276654,-2.2768161756327716,-9.121747740195659,-130.4519575908746,False,False
80,1.333199912222954,914.0,672.0,747.0,485.0,-0.002785508116007913,-2.4126316685040483,-0.1595978588466907,-138.23361212488788,False,False
81,1.3498649111257408,970.0,667.0,821.0,467.0,0.1541348960630367,-2.501299232271231,8.831279020099611,-143.31388930845455,False,False
82,1.3665299100285275,1026.0,654.0,886.0,447.0,0.31469599770513185,-2.5469308809959736,18.030752498162695,-145.92839019260583,False,False
83,1.3831949089313145,1077.0,631.0,948.2872719961697,429.81592098326473,0.47116626431311,-2.5724384501134008,26.99583839408662,-147.38986624867263,False,True
84,1.3998599078341014,1123.0,603.0,999.4603026373748,398.59857345030355,0.6222038808885801,-2.597946019230827,35.64965637157622,-148.8513423047394,False,True
85,1.4165249067368884,1161.0,571.0,1039.0,357.0,0.7615931372123783,-2.623453588348256,43.63607246839708,-150.31281836080632,False,False
86,1.4331899056396753,1191.0,538.0,1081.0,319.0,0.8868451186969318,-2.6761202290962576,50.81248238311273,-153.33039459679853,False,False
87,1.4498549045424622,1214.0,506.0,1122.0,279.0,0.9976016821202367,-2.7565374071707422,57.15836602064112,-157.93795950081847,False,False
88,1.4665199034452492,1232.0,475.0,1162.0,242.0,1.0983549746250048,-2.8497421583448657,62.931104453211404,-163.27819837366275,False,False
89,1.483184902348036,1244.0,448.0,1203.0,209.0,1.1814128982711736,-2.9716982490912605,67.68997293325671,-170.26576765934564,False,False
90,1.499849901250823,1252.0,424.0,1245.0,183.0,1.2526108196833727,-3.1125551744171482,71.76931334027984,-178.3362749957084,False,False
91,1.51651490015361,1258.0,404.0,1287.0,165.0,1.3114645823942117,3.020844031867769,75.14138555207533,173.08161359330634,False,False
92,1.5331798990563967,1262.0,387.0,1330.0,158.0,1.3606872452228223,2.852942587908489,77.9616363885502,163.46156948028727,False,False
93,1.5498448979591837,1264.0,373.0,1370.0,159.0,1.4005409156858282,2.681690345428823,80.24508350418563,153.6495387540514,False,False
94,1.5665098968619706,1266.0,364.0,1408.0,173.0,1.4265069322571542,2.502293200743381,81.73282666448937,143.3708395068778,False,False
95,1.5831748957647576,1267.0,357.0,1443.0,198.0,1.446441332248135,2.3054917146763723,82.8749836510982,132.09494495333553,False,False
96,1.5998398946675445,1267.0,355.0,1470.0,233.0,1.4520395942670703,2.1119399399005423,83.19574043739158,121.00524514141381,False,False
97,1.6165048935703314,1266.0,356.0,1489.0,278.0,1.4488966061638833,1.9072713858966261,83.01566048401914,109.27860079794404,False,False
98,1.6331698924731184,1266.0,363.0,1500.0,331.0,1.4292981552968214,1.7067054290151473,81.89275196434197,97.78701795463246,False,False
99,1.649834891375905,1264.0,375.0,1499.0,390.0,1.394980150511546,1.5070530142622096,79.92647512883593,86.34777721969367,False,False
100,1.6664998902786925,1261.0,392.0,1489.0,452.0,1.3463206002217676,1.313472611823808,77.13848826422705,75.25643716352927,False,False
101,1.6831648891814792,1255.0,415.0,1468.0,515.0,1.2793395323170296,1.1318585164081394,73.30075576600639,64.85071599612523,False,False
102,1.6998298880842662,1245.0,444.0,1440.0,578.0,1.1929050064829805,0.9687266558850535,68.34842223150089,55.503948884035594,False,False
103,1.7164948869870529,1230.0,478.0,1405.0,639.0,1.0882830317724197,0.8270407424960368,62.35402463626132,47.38594403038881,False,False
104,1.7331598858898398,1207.0,516.0,1363.0,696.0,0.9632954145738857,0.714090698612158,55.19276167938858,40.91438322002513,False,False
105,1.7498248847926268,1176.0,555.0,1314.0,750.0,0.8231535732565114,0.6158699519395265,47.163225638710934,35.28674897505972,False,False
106,1.7664898836954137,1136.0,593.0,1260.0,798.0,0.6681736110719819,0.5439985830553079,38.2835278964403,31.168822870166125,False,False
107,1.7831548825982009,1088.0,626.0,1197.0,837.0,0.5049257756005585,0.476829519638931,28.93011590928168,27.320319022561147,False,False
108,1.7998198815009876,1031.0,651.0,1128.0,868.0,0.33059988091289993,0.4203601657163518,18.94197788383679,24.08486337096684,False,False
109,1.8164848804037743,971.0,667.0,1052.0,890.0,0.15689198431359236,0.34841090277124015,8.989248540601558,19.96247426513494,False,False
110,1.8331498793065613,910.0,672.0,969.0,901.0,-0.013926676161481957,0.2521580269545241,-0.7979397666983699,14.447590714840283,False,False
111,1.8498148782093484,852.0,667.0,880.0,902.0,-0.17612217382581954,0.11858985925770553,-10.091057238888915,6.794698428516961,False,False
112,1.8664798771121356,798.0,653.0,787.0,891.0,-0.3314248348085038,-0.04618561965887765,-18.989244260347768,-2.6462410806501344,False,False
113,1.8831448760149223,751.0,633.0,695.0,865.0,-0.47359752939361127,-0.23684876094692026,-27.135139622076878,-13.570434385161485,False,False
114,1.899809874917709,711.0,609.0,607.0,825.0,-0.6034334774382624,-0.4487233440107211,-34.57419147411522,-25.709953780811265,False,False
115,1.916474873820496,677.0,583.0,528.0,772.0,-0.722489157362323,-0.6676028415268624,-41.395579460824294,-38.25082521043035,False,False
116,1.933139872723283,649.0,556.0,462.0,707.0,-0.8305540869747583,-0.8915070078796207,-47.58724384099515,-51.07958895783849,False,False
117,1.9498048716260696,627.0,529.0,412.0,637.0,-0.9272952180016122,-1.1052899838751888,-53.13010235415598,-63.328451214131135,False,False
118,1.9664698705288568,609.0,503.0,376.0,563.0,-1.015139910548195,-1.3187613291734601,-58.163232489699496,-75.55945834670194,False,False
119,1.983134869431644,594.0,477.0,354.0,492.0,-1.098464072617948,-1.5083775167989393,-62.9373553077604,-86.42366562500266,False,False
120,1.999799868334431,583.0,453.0,345.0,427.0,-1.1717353782187627,-1.6796085316121416,-67.13549187810035,-96.23448009554123,False,False
121,2.0164648672372176,575.0,432.0,344.0,366.0,-1.2341215074081695,-1.849095985800008,-70.70995378081128,-105.94539590092286,False,False
122,2.0331298661400043,569.0,413.0,352.0,313.0,-1.2894455712316322,-2.0026194780532034,-73.87978914340809,-114.74164406314034,False,False
123,2.0497948650427915,564.0,398.0,365.0,267.0,-1.3332050376755484,-2.1529782743085355,-76.38702188438883,-123.35656850123833,False,False
124,2.0664598639455782,562.0,387.0,381.0,230.0,-1.3641568758176221,-2.2853075468288604,-78.1604315781017,-130.93847732268944,False,False
125,2.0831248628483654,560.0,379.0,402.0,200.0,-1.3869795086411387,-2.418428559750722,-79.46807211626594,-138.5657495276186,False,False
126,2.099789861751152,560.0,377.0,426.0,177.0,-1.3924305521631788,-2.5512859066544213,-79.78039390402097,-146.17791478250606,False,False
127,2.1164548606539397,560.0,378.0,452.0,163.0,-1.389703670263678,-2.6760863106700854,-79.62415507994895,-153.32845121413115,False,False
128,2.133119859556726,561.0,384.0,479.0,157.0,-1.3728575839457489,-2.7949455406176296,-78.65894543261854,-160.13858344630037,False,False
129,2.149784858459513,564.0,395.0,508.0,158.0,-1.341294220613812,-2.9095614740918547,-76.85049792646058,-166.7055926993257,False,False
130,2.1664498573623,568.0,410.0,536.0,167.0,-1.2982152482277693,-3.0106588065900155,-74.38225462297972,-172.49804317150108,False,False
131,2.1831148562650866,574.0,430.0,565.0,184.0,-1.2402740675538115,-3.1050235976762517,-71.06246951035696,-177.90474743537615,False,False
132,2.1997798551678738,584.0,454.0,593.0,207.0,-1.1680943180316181,3.1051715193752862,-66.92687449642385,177.91322272442923,False,False
133,2.2164448540706605,597.0,483.0,619.0,235.0,-1.079860208031555,3.0531145811088174,-61.87143238432718,174.9305798673875,False,False
134,2.233109852973448,617.0,515.0,643.0,267.0,-0.9750897154198289,3.037135530116172,-55.86852534016871,174.0150476848846,False,False
135,2.2497748518762344,643.0,549.0,666.0,299.0,-0.8561460311510559,3.049850906010549,-49.05355423183141,174.74358505855477,False,False
136,2.266439850779021,679.0,584.0,686.0,333.0,-0.7164739830384959,3.113711434225619,-41.050935359033545,178.4025238027544,False,False
137,2.2831048496818083,723.0,617.0,703.0,366.0,-0.5633162614919681,-3.0620793741219154,-32.27564431457763,-175.4442246712464,False,False
138,2.2997698485845954,775.0,644.0,716.0,399.0,-0.40014209602502854,-2.9052759489906457,-22.92645330775265,-166.46005019802905,False,False
139,2.316434847487382,834.0,663.0,726.0,435.0,-0.22742476076163326,-2.6992184306130484,-13.030478948414036,-154.65382405805332,False,False
140,2.3330998463901693,896.0,671.0,734.0,479.0,-0.05302287979105606,-2.4407382457053433,-3.0379872296570167,-139.8440003750807,False,False
141,2.349764845292956,957.0,669.0,746.0,537.0,0.11743468979652093,-2.129821536490903,6.728512093768681,-122.029785156997,False,False
142,2.3664298441957428,1012.0,657.0,772.0,611.0,0.27484079501250913,-1.7601663767707412,15.747217592236979,-100.85010462979737,False,False
143,2.38309484309853,1058.0,640.0,824.0,697.0,0.4122500052117913,-1.3318598862087332,23.62018540288183,-76.3099503825345,False,False
144,2.3997598420013166,1092.0,623.0,911.0,779.0,0.5187986507441753,-0.8594465026179657,29.72497310472287,-49.242657317288696,False,False
145,2.416424840904104,1111.0,611.0,1033.0,835.0,0.5817818439787743,-0.33508309769078787,33.33364425732231,-19.198847283852007,False,False
146,2.4330898398068905,1117.0,607.0,1169.0,839.0,0.6019985791779314,0.2204937613666717,34.49197785976759,12.633361935275012,False,False
147,2.4497548387096777,1112.0,610.0,1282.0,775.0,0.5856679774389925,0.8003224283875333,33.55630330321738,45.85509739626673,False,False
148,2.4664198376124644,1107.0,614.0,1340.0,668.0,0.5678033309664996,1.343057334862562,32.53273445785027,76.95151693171333,False,False
149,2.483084836515252,1110.0,612.0,1343.0,551.0,0.5779019369622457,1.8268520796390741,33.11134196037203,104.6709139580163,False,False
150,2.4997498354180383,1121.0,604.0,1308.0,450.0,0.6160108416571671,2.2597207150097582,35.29482136125731,129.47245984834385,False,False
151,2.516414834320825,1138.0,591.0,1244.0,373.0,0.6760555777501667,2.6890147031190943,38.735131321363035,154.06919353734816,False,False
152,2.533079833223612,1159.0,572.0,1164.0,329.0,0.7555859250497396,3.121019424986767,43.29188456483823,178.82124083008878,False,False
153,2.549744832126399,1180.0,550.0,1080.0,325.0,0.8411173217728586,-2.723368324010564,48.19247261293202,-156.03751102542182,False,False
154,2.566409831029186,1200.0,526.0,1017.6660353938951,371.73942386008116,0.9289815570439169,-2.2729829100806604,53.22672246410817,-130.23232765298573,False,True
155,2.583074829931973,1215.0,503.0,974.0,441.0,1.0062269331267966,-1.822597496150757,57.652556500557964,-104.42714428054968,False,False
156,2.59973982883476,1224.0,487.0,982.0,533.0,1.0579460370236926,-1.382954616382613,60.61584287404872,-79.23746277685754,False,False
157,2.6164048277375467,1228.0,480.0,1026.0,620.0,1.080673190560927,-0.9647369951962541,61.91801285207807,-55.275358164878135,False,False
158,2.633069826640334,1226.0,484.0,1096.0,692.0,1.0680765574168347,-0.5585993153435624,61.19627893684697,-32.005383208083494,False,False
159,2.649734825543121,1217.0,500.0,1180.0,742.0,1.0163748445001426,-0.15171765164620354,58.2339889931235,-8.69278111696351,False,False
160,2.666399824445908,1199.0,527.0,1268.0,759.0,0.9250455030119004,0.2890824419947265,53.00120318013817,16.56320385763326,False,False
161,2.6830648233486944,1168.0,563.0,1336.0,729.0,0.7913623073912894,0.7913861157813615,45.3417202792554,45.343084399523526,False,False
162,2.6997298222514816,1129.0,598.0,1357.0,663.0,0.6440622759622128,1.2930760420007403,36.902050156224924,74.08779979612359,False,False
163,2.7163948211542683,1091.0,623.0,1330.0,588.0,0.5163625445395077,1.7162062475111934,29.585394500749782,98.33137475637572,False,False
164,2.733059820057055,1057.0,641.0,1274.0,523.0,0.40856553904473136,2.068850642086363,23.409081041750554,118.53641023447905,False,False
165,2.749724818959842,1025.0,653.0,1199.0,474.0,0.3129012278803845,2.3703578490053023,17.92791976200724,135.81150068371187,False,False
166,2.766389817862629,995.0,662.0,1112.0,440.0,0.22533349427751534,2.6565579317372574,12.910658205036917,152.2095575205479,False,False
167,2.783054816765416,964.0,668.0,1020.0,424.0,0.13716149410782097,2.915991409753769,7.858774724086651,167.07400087529405,False,False
168,2.799719815668203,934.0,671.0,924.9757915150642,432.3358768871609,0.05302287979105606,-3.1037993253543434,3.0379872296570167,-177.83460179835612,False,True
169,2.81638481457099,903.0,672.0,830.0,437.0,-0.033413743049192535,-2.84040475328287,-1.9144664544533225,-162.7432044720063,False,False
170,2.8330498134737767,872.0,669.0,737.0,467.0,-0.12020420551745581,-2.552448498026678,-6.887193655873381,-146.24452636143468,False,False
171,2.849714812376564,839.0,664.0,652.0,514.0,-0.21323257538922244,-2.2468401998772425,-12.217326624507592,-128.7344606932963,False,False
172,2.8663798112793506,804.0,654.0,577.0,578.0,-0.31469599770513185,-1.893867884386145,-18.030752498162695,-108.51063673069625,False,False
173,2.8830448101821373,766.0,640.0,526.0,656.0,-0.4275487273204359,-1.5042281630190728,-24.49673761165065,-86.18592516570965,False,False
174,2.8997098090849245,725.0,618.0,514.0,738.0,-0.5571243901593956,-1.0536941545155343,-31.920876219933184,-60.37222795134575,False,False
175,2.916374807987711,683.0,588.0,557.0,792.0,-0.700788024453852,-0.5532943253222926,-40.15219613451645,-31.701429669505718,False,False
176,2.9330398068904984,649.0,556.0,633.0,794.0,-0.8305540869747583,-0.0671258882021007,-47.58724384099515,-3.846030090047376,False,False
177,2.949704805793285,627.0,530.0,707.0,759.0,-0.9250766969602643,0.33609116186545407,-53.00299046172577,19.256605106538718,False,False
178,2.9663698046960723,615.0,512.0,770.0,705.0,-0.9851049672058417,0.676633684442812,-56.4423569982681,38.768254394959875,False,False
179,2.983034803598859,609.0,503.0,820.0,641.0,-1.015139910548195,0.991594376120403,-58.163232489699496,56.814172740607034,False,False
180,2.999699802501646,609.0,503.0,854.0,571.0,-1.015139910548195,1.3000600027691553,-58.163232489699496,74.48795127243872,False,False
181,3.016364801404433,614.0,512.0,866.0,498.0,-0.9866369018662934,1.6262948320406134,-56.53013038880179,93.17983011986423,False,False
182,3.03302980030722,625.0,527.0,859.0,433.0,-0.9350642070870581,1.952775456892533,-53.57523263983523,111.88579201667316,False,False
183,3.0496947992100067,641.0,546.0,817.0687275324099,384.6252709216278,-0.8660904205899544,2.3126769133536875,-49.62332577651476,132.50662651250866,False,True
184,3.066359798112793,661.0,568.0,774.0,345.0,-0.783433529382902,2.672578369814843,-44.88743476267865,153.12746100834423,False,False
185,3.0830247970155806,683.0,588.0,711.0,341.0,-0.700788024453852,3.028714201062329,-40.15219613451645,173.5325410722085,False,False
186,3.099689795918368,706.0,606.0,645.0,365.0,-0.61960349124064,-2.8936871695519883,-35.50066501965974,-165.79606204648599,False,False
187,3.1163547948211545,728.0,620.0,584.0,420.0,-0.5470987902542573,-2.5175696006130366,-31.346451658282,-144.24611274556327,False,False
188,3.133019793723941,748.0,631.0,539.0,505.0,-0.4835702529377464,-2.1133240460081453,-27.70653459140657,-121.08454857977773,False,False
189,3.1496847926267284,763.0,638.0,523.0,615.0,-0.4374690521891425,-1.6663378875718,-25.065130358026213,-95.47412820060921,False,False
190,3.166349791529515,771.0,642.0,551.0,735.0,-0.4125698803715465,-1.1708522736377356,-23.63851289950688,-67.08489371273883,False,False
191,3.1830147904323023,771.0,642.0,631.0,837.0,-0.4125698803715465,-0.6226707887570673,-23.63851289950688,-35.67640822186198,False,False
192,3.199679789335089,768.0,641.0,751.0,881.0,-0.4213316642109728,-0.07071522321994635,-24.140526134511934,-4.051683837828445,False,False
193,3.216344788237876,772.0,643.0,871.0,866.0,-0.4089078289509254,0.41780818311968937,-23.428692808745403,23.938645538787245,False,False
194,3.233009787140663,787.0,648.0,969.0,814.0,-0.36497163517600933,0.8313428192055681,-20.911334337573752,47.632434868986486,False,False
195,3.2496747860434496,813.0,657.0,1044.0,750.0,-0.2882533884573835,1.1880528169493212,-16.515702588953115,68.07041224982466,False,False
196,3.266339784946237,849.0,666.0,1096.0,682.0,-0.18483477864149442,1.5061093755271147,-10.590252723392442,86.29371070278766,False,False
197,3.2830047838490235,892.0,671.0,1132.0,619.0,-0.06415763627340623,1.7841649689467045,-3.675961782001616,102.22512267573575,False,False
198,3.2996697827518107,938.0,670.0,1159.0,565.0,0.06433685472319586,2.0143369567076816,3.6862302427854394,115.41300613657658,False,False
199,3.3163347816545974,985.0,664.0,1180.0,520.0,0.19684761469924036,2.2068718294986476,11.27853752948386,126.44444175658711,False,False
200,3.332999780557385,1029.0,651.0,1202.0,483.0,0.3252966388236808,2.341532784272019,18.638124494388393,134.15994613030335,False,False
201,3.3496647794601717,1069.0,634.0,1228.0,453.0,0.44731740248699436,2.420810294090328,25.629399265259533,138.7022128531994,False,False
202,3.3663297783629584,1105.0,615.0,1255.0,427.0,0.5615701919269326,2.468150411934802,32.17560189776485,141.41460180733972,False,False
203,3.382994777265745,1134.0,593.0,1285.0,407.0,0.6637572011703081,2.4596810389642214,38.0304862484746,140.9293424810033,False,False
204,3.3996597761685323,1160.0,571.0,1318.0,392.0,0.7595589851383976,2.418428559750722,43.5195241396702,138.5657495276186,False,False
205,3.416324775071319,1180.0,550.0,1351.0,383.0,0.8411173217728586,2.344360723089194,48.19247261293202,134.3219750892487,False,False
206,3.4329897739741058,1196.0,529.0,1384.0,382.0,0.9154447569650382,2.234412073579294,52.451120951476064,128.0223815091683,False,False
207,3.449654772876893,1210.0,510.0,1413.0,387.0,0.9820118625778753,2.1155510600217404,56.26513515749324,121.21214708367323,False,False
208,3.46631977177968,1220.0,494.0,1439.0,401.0,1.035212378776727,1.9723768669037762,59.313300203604804,113.00887008282288,False,False
209,3.482984770682467,1228.0,479.0,1459.0,423.0,1.0831634193999347,1.8086322542523474,62.06069245457497,103.62699485989154,False,False
210,3.499649769585253,1234.0,467.0,1470.0,452.0,1.1210367137250576,1.6342702669717035,64.23067237566129,93.6367888811969,False,False
211,3.5163147684880407,1238.0,460.0,1472.0,485.0,1.143702415791395,1.46436244982092,65.52932144376338,83.90178805217651,False,False
212,3.5329797673908274,1239.0,456.0,1466.0,521.0,1.155152266718712,1.2919149342893808,66.18534957795258,74.0212732247026,False,False
213,3.5496447662936146,1239.0,457.0,1452.0,560.0,1.1525719972156676,1.120380459717679,66.03751102542182,64.19307179074994,False,False
214,3.5663097651964013,1236.0,463.0,1431.0,598.0,1.1336576580745592,0.9652516631899266,64.95379922035721,55.30484646876604,False,False
215,3.5829747640991885,1230.0,474.0,1403.0,637.0,1.0982993912778327,0.8151512854161134,62.927919762007235,46.704728319007266,False,False
216,3.599639763001975,1222.0,491.0,1371.0,676.0,1.0453587890924776,0.6780282413619009,59.89464669190532,38.848156620714434,False,False
217,3.616304761904762,1209.0,512.0,1336.0,713.0,0.9757625891153215,0.5635034222608851,55.907078163065805,32.286367836727,False,False
218,3.632969760807549,1191.0,536.0,1298.0,750.0,0.8912138731046434,0.4636476090008061,51.06279357240378,26.56505117707799,False,False
219,3.649634759710336,1168.0,563.0,1257.0,785.0,0.7913623073912894,0.3812827744718905,45.3417202792554,21.845893778277734,False,False
220,3.666299758613123,1138.0,590.0,1215.0,817.0,0.6778151530044859,0.3270275502686965,38.83594755717118,18.73729841489868,False,False
221,3.6829647575159097,1101.0,616.0,1168.0,846.0,0.5505493997838679,0.28346016365386906,31.544157021076305,16.24107103745431,False,False
222,3.699629756418697,1059.0,640.0,1119.0,870.0,0.41481428312106017,0.2551823906208184,23.76710770458157,14.620873988631656,False,False
223,3.716294755321484,1011.0,657.0,1068.0,889.0,0.2721458905311873,0.2409177717439294,15.592810939266347,13.803571530623273,False,False
224,3.732959754224271,960.0,668.0,1012.0,899.0,0.12608809506459043,0.22141745017602193,7.224315694045337,12.686285405634244,False,False
225,3.7496247531270575,909.0,671.0,953.0,904.0,-0.01675820758223748,0.18664328605877953,-0.9601745666663432,10.693872565620984,False,False
226,3.7662897520298446,859.0,667.0,891.0,903.0,-0.15689198431359236,0.1347712844777311,-8.989248540601558,7.721825800130975,False,False
227,3.7829547509326313,813.0,657.0,825.0,895.0,-0.2882533884573835,0.050377507181057816,-16.515702588953115,2.88641854386461,False,False
228,3.799619749835418,771.0,642.0,758.0,879.0,-0.4125698803715465,-0.054797406973115484,-23.63851289950688,-3.1396601478202646,False,False
229,3.816284748738205,735.0,624.0,690.0,859.0,-0.5246690128727408,-0.18919902209996817,-30.06132007890311,-10.840305454330565,False,False
230,3.832949747640992,705.0,604.0,624.0,830.0,-0.6251085342329235,-0.3441447020696782,-35.81608074915565,-19.718038970379688,False,False
231,3.849614746543779,679.0,585.0,563.0,794.0,-0.7146502956438407,-0.5066921655280692,-40.946445768168594,-29.031322597102463,False,False
232,3.866279745446566,659.0,566.0,508.0,753.0,-0.7912920047777102,-0.679289318915276,-45.33769223620857,-38.92041104216152,False,False
233,3.882944744349353,643.0,549.0,461.0,706.0,-0.8561460311510559,-0.8590112204084543,-49.05355423183141,-49.217717483786565,False,False
234,3.89960974325214,630.0,534.0,424.0,657.0,-0.9112123008775277,-1.0325212120865777,-52.20861908068726,-59.159107710293064,False,False
235,3.916274742154927,621.0,521.0,396.0,606.0,-0.9550658545950332,-1.209592571301215,-54.72124262535056,-69.30454926593673,False,False
236,3.9329397410577136,614.0,511.0,378.0,556.0,-0.9889522289136612,-1.382380117442742,-56.66278885680845,-79.20454641226819,False,False
237,3.9496047399605008,610.0,504.0,370.0,509.0,-1.0113133592512875,-1.5499660067586796,-57.94398725029638,-88.80651057601797,False,False
238,3.966269738863288,607.0,500.0,369.0,468.0,-1.025141272267905,-1.7044485741120903,-58.73626830562258,-97.65770969371388,False,False
239,3.982934737766074,606.0,499.0,375.0,431.0,-1.0289502939684376,-1.8570821251988079,-58.95450917313684,-106.40296798307723,False,False
240,3.999599736668861,607.0,500.0,388.0,403.0,-1.025141272267905,-1.9877489317523722,-58.73626830562258,-113.88962452104884,False,False
241,4.0162647355716485,610.0,504.0,403.0,379.0,-1.0113133592512875,-2.1140526988878485,-57.94398725029638,-121.12629731451479,False,False
242,4.032929734474435,615.0,512.0,423.0,364.0,-0.9851049672058417,-2.227497988914331,-56.4423569982681,-127.6262336386698,False,False
243,4.049594733377222,622.0,522.0,444.0,357.0,-0.9511928355542566,-2.318311747834086,-54.49933498034026,-132.82947874649028,False,False
244,4.066259732280009,632.0,536.0,466.0,356.0,-0.9034241285280079,-2.396634857799915,-51.762389674939286,-137.31706238587134,False,False
245,4.082924731182796,646.0,551.0,489.0,363.0,-0.8464661207212879,-2.445808899467676,-48.49893621814103,-140.1345274350345,False,False
246,4.099589730085583,662.0,569.0,512.0,375.0,-0.7795043220171863,-2.483410707260233,-44.66230776379143,-142.28895232361015,False,False
247,4.11625472898837,684.0,588.0,531.0,394.0,-0.6986598247214632,-2.473804823080294,-40.0302592718897,-141.73857570160814,False,False
248,4.1329197278911565,710.0,608.0,550.0,419.0,-0.6073052251662507,-2.4390985866809154,-34.796026278268315,-139.75005483314044,False,False
249,4.149584726793943,740.0,627.0,566.0,452.0,-0.5084494897903548,-2.359059811863718,-29.13200986056737,-135.16417083871704,False,False
250,4.166249725696731,775.0,643.0,581.0,491.0,-0.40122879900484876,-2.2353981994837997,-22.98871680208064,-128.078882361565,False,False
251,4.1829147245995175,813.0,657.0,596.0,540.0,-0.2882533884573835,-2.065287146208636,-16.515702588953115,-118.33223696037302,False,False
252,4.199579723502304,851.0,666.0,618.0,598.0,-0.17935487106292297,-1.8547552349470193,-10.276277147018543,-106.26964699225962,False,False
253,4.216244722405091,889.0,670.0,648.0,667.0,-0.07270077598558129,-1.5832438166637577,-4.165447631299856,-90.71318863501759,False,False
254,4.232909721307879,923.0,670.0,695.0,744.0,0.022405213741150863,-1.256961174366988,1.2837241864564621,-72.01857030303597,False,False
255,4.249574720210665,950.0,669.0,766.0,819.0,0.09799966933984368,-0.8868451186969318,5.614967446850657,-50.81248238311273,False,False
256,4.266239719113452,968.0,666.0,863.0,879.0,0.1490284709497942,-0.45799795159722173,8.538702412711203,-26.241349652157766,False,False
257,4.282904718016239,979.0,664.0,977.0,902.0,0.18035487854214308,-0.008403163547646988,10.333573355059372,-0.48146580583835247,False,False
258,4.299569716919026,984.0,663.0,1088.0,878.0,0.19464680371616636,0.45053974553412024,11.15244034864768,25.814025922003168,False,False
259,4.316234715821813,991.0,662.0,1176.0,817.0,0.21441752903457936,0.8734055369251891,12.285219467305186,50.042451069170916,False,False
260,4.3328997147246,1003.0,659.0,1233.0,735.0,0.24905472750958255,1.2516567325226096,14.26978475407984,71.7146481726805,False,False
261,4.3495647136273865,1022.0,653.0,1264.0,652.0,0.304893233875535,1.5749285346803492,17.469095503163295,90.23675807190712,False,False
262,4.366229712530173,1044.0,645.0,1275.0,573.0,0.3706005488877246,1.872941550334334,21.233847336498354,107.31164610884659,False,False
263,4.382894711432961,1068.0,635.0,1271.0,505.0,0.443575022933281,2.140389042696105,25.414976711495704,122.63525866253339,False,False
264,4.399559710335748,1092.0,622.0,1260.0,447.0,0.5201910459456235,2.376599820878883,29.80475147318012,136.16913932790743,False,False
265,4.416224709238534,1115.0,607.0,1242.0,401.0,0.5973627046021589,2.589125543465023,34.22636181222382,148.34596627006138,False,False
266,4.432889708141321,1136.0,592.0,1224.0,367.0,0.6699143013374158,2.7687725201910456,38.38326210208917,158.63897983874742,False,False
267,4.449554707044109,1153.0,577.0,1206.0,340.0,0.733651571687613,2.921583824640946,42.03513869083978,167.3944226456154,False,False
268,4.466219705946895,1167.0,563.0,1188.0,320.0,0.7893822060633012,3.0553870799140146,45.228268830153425,175.0607844578738,False,False
269,4.482884704849682,1177.0,552.0,1173.0,307.0,0.8312741363145842,-3.1252675733883173,47.628499629208356,-179.06464180424285,False,False
270,4.499549703752469,1185.0,543.0,1158.0,299.0,0.8652281491096856,-3.0313852749406602,49.573921259900864,-173.68558233220452,False,False
271,4.516214702655256,1189.0,538.0,1146.0,295.0,0.8832807491234,-2.9664509710479723,50.60825904992451,-169.96512077353358,False,False
272,4.532879701558043,1190.0,536.0,1135.0,295.0,0.8894388071104377,-2.91721951333129,50.9610897825786,-167.1443660270909,False,False
273,4.54954470046083,1189.0,538.0,1125.0,299.0,0.8832807491234,-2.8799488667489883,50.60825904992451,-165.00891527820133,False,False
274,4.5662096993636165,1184.0,544.0,1116.0,305.0,0.8612523430863743,-2.8643985773293608,49.34612435460243,-164.11794932424974,False,False
275,4.582874698266403,1175.0,554.0,1108.0,314.0,0.8233041494072809,-2.8693568673378844,47.17185301664535,-164.40203841534003,False,False
276,4.599539697169191,1163.0,566.0,1101.0,325.0,0.7754184547987956,-2.8897914842339327,44.42820481652678,-165.57285571945033,False,False
277,4.616204696071978,1147.0,582.0,1094.0,338.0,0.7116796977526944,-2.9277021248652346,40.77624304637544,-167.7449754262611,False,False
278,4.632869694974764,1126.0,598.0,1087.0,351.0,0.6372970146777943,-2.984990776607778,36.51442923732449,-171.0273733851036,False,False
279,4.649534693877551,1101.0,616.0,1083.0,366.0,0.5505493997838679,-3.0697166840334584,31.544157021076305,-175.88181029601122,False,False
280,4.666199692780339,1071.0,633.0,1078.0,382.0,0.45359769610777173,3.113711434225619,25.98923358383301,178.4025238027544,False,False
281,4.682864691683125,1036.0,648.0,1075.0,400.0,0.3466122158604955,2.985612023162769,19.859417096483845,171.06296819074166,False,False
282,4.699529690585912,997.0,660.0,1072.0,421.0,0.2320542127464286,2.837517026072926,13.29572700860127,162.57774989049145,False,False
283,4.716194689488699,956.0,668.0,1071.0,444.0,0.11498352298304791,2.667288254422154,6.588070580474147,152.82435972320596,False,False
284,4.7328596883914855,913.0,671.0,1071.0,474.0,-0.005586534060655966,2.4656148536172475,-0.3200848237816687,141.26932501703456,False,False
285,4.749524687294273,871.0,668.0,1069.0,513.0,-0.1233147730079476,2.234978655198082,-7.065416044969162,128.05484424467454,False,False
286,4.76618968619706,832.0,662.0,1063.0,562.0,-0.23348491641183364,1.9793396357133646,-13.377700290362876,113.40780734933762,False,False
287,4.782854685099847,797.0,652.0,1045.0,622.0,-0.3349656440855023,1.691179147595456,-19.192117687980545,96.89742755775175,False,False
288,4.799519684002633,769.0,641.0,1011.0,691.0,-0.4187899403786417,1.3670516459110396,-23.994896086231545,78.3262896871152,False,False
289,4.816184682905421,748.0,631.0,957.0,762.0,-0.4835702529377464,1.0109077985858723,-27.70653459140657,57.92075033583158,False,False
290,4.832849681808208,737.0,625.0,879.0,824.0,-0.5184555066215089,0.6197739748441483,-29.705312394729365,35.51043301061695,False,False
291,4.849514680710994,735.0,624.0,783.0,862.0,-0.5246690128727408,0.19901106732975968,-30.06132007890311,11.402494234389092,False,False
292,4.866179679613781,743.0,629.0,681.0,861.0,-0.4984594104666788,-0.26113887238256783,-28.55962047831983,-14.962155254326548,False,False
293,4.882844678516568,757.0,636.0,598.0,813.0,-0.4549413613200109,-0.7318778949381332,-26.066219929572863,-41.9335144988741,False,False
294,4.899509677419355,770.0,641.0,550.0,735.0,-0.4162424522193643,-1.1670022349097644,-23.8489357663454,-66.86430274266417,False,False
295,4.916174676322142,777.0,644.0,536.0,649.0,-0.395005619910972,-1.5500524147771286,-22.632154904847454,-88.8114613907912,False,False
296,4.932839675224929,779.0,645.0,550.0,566.0,-0.3887877612900393,-1.9029903657270921,-22.275897848258975,-109.03331641021936,False,False
297,4.949504674127716,776.0,644.0,584.0,495.0,-0.3975766278157694,-2.230756854422961,-22.779462806887118,-127.81295287831504,False,False
298,4.966169673030503,770.0,642.0,633.0,440.0,-0.4151178724720938,-2.5456356723553846,-23.78450209310091,-145.8541802039112,False,False
299,4.98283467193329,762.0,638.0,691.0,404.0,-0.4399907529139258,-2.847002301017337,-25.209613166751378,-163.12121611232737,False,False
300,4.999499670836077,754.0,634.0,755.0,388.0,-0.464892938369488,3.1375276353301613,-26.636403294007152,179.7670916100795,False,False
301,5.016164669738863,747.0,630.0,817.0,392.0,-0.4873339513897387,2.8555412118724752,-27.922178628065645,163.61045966596524,False,False
302,5.032829668641651,742.0,627.0,873.0977569827481,427.36188211142564,-0.5035764382191666,2.560537907432037,-28.852804572188695,146.70801537911518,False,True
303,5.049494667544438,739.0,626.0,931.0,466.0,-0.5122377612827752,2.2655346029916,-29.349061828732786,129.8055710922652,False,False
304,5.066159666447224,740.0,627.0,970.0,527.0,-0.5084494897903548,1.9809236673363877,-29.13200986056737,113.49856567595211,False,False
305,5.082824665350011,747.0,630.0,995.0,600.0,-0.4873339513897387,1.691179147595456,-27.922178628065645,96.89742755775175,False,False
306,5.099489664252798,759.0,636.0,1004.0,680.0,-0.44993275825034407,1.3930987704820492,-25.779248112424686,79.81867999348557,False,False
307,5.116154663155585,777.0,644.0,996.0,762.0,-0.395005619910972,1.0765827008714244,-22.632154904847454,61.68364505672779,False,False
308,5.132819662058372,804.0,654.0,969.0,839.0,-0.31469599770513185,0.7283173809911837,-18.030752498162695,41.729512076816434,False,False
309,5.149484660961159,840.0,663.0,917.0,894.0,-0.21109333322274654,0.3217505543966422,-12.094757077012101,18.43494882292201,False,False
310,5.166149659863946,884.0,670.0,855.0,906.0,-0.08661746354058927,-0.12226840393911868,-4.96281509300405,-7.00546351351223,False,False
311,5.182814658766733,930.0,670.0,802.0,868.0,0.041992107221369514,-0.5738858942964037,2.4059705166453,-32.88123966527481,False,False
312,5.19947965766952,966.0,666.0,774.0,806.0,0.14348309609740842,-0.9407624172489815,8.220975837851515,-53.901716032892,False,False
313,5.216144656572307,995.0,660.0,767.0,736.0,0.2265883660532055,-1.2490457723982544,12.98255706161405,-71.56505117707799,False,False
314,5.232809655475093,1016.0,654.0,774.0,666.0,0.2879555968262947,-1.5212501322037715,16.498640385317408,-87.16121215899463,False,False
315,5.24947465437788,1033.0,649.0,793.0,601.0,0.3377349833150079,-1.7681918866447774,19.350789137871228,-101.30993247402021,False,False
316,5.266139653280668,1045.0,644.0,821.0,542.0,0.37424014059189054,-1.9980963147766821,21.44238058029789,-114.48248589734712,False,False
317,5.282804652183454,1054.0,641.0,856.0,492.0,0.4008372563467054,-2.215911639190197,22.966283060269692,-126.96238469951436,False,False
318,5.299469651086241,1060.0,638.0,898.0,452.0,0.41965086213510383,-2.4250509794933897,24.044223269367816,-138.94518622903757,False,False
319,5.316134649989028,1063.0,637.0,950.4897030348822,426.32624017970113,0.4284862270457778,-2.651077625266975,24.55045238920742,-151.89555908936248,False,True
320,5.332799648891816,1064.0,636.0,999.0,396.0,0.43221142764453174,-2.8771042710405608,24.763890661355624,-164.8459319496874,False,False
321,5.349464647794602,1064.0,636.0,1041.0,389.0,0.43221142764453174,-3.048742988867243,24.763890661355624,-174.68010608219316,False,False
322,5.366129646697389,1061.0,637.0,1092.0,391.0,0.4233671413816979,3.0162371591267405,24.257150385689712,172.81765922849152,False,False
323,5.382794645600176,1058.0,639.0,1142.0,406.0,0.4133755370030784,2.795581215267283,23.68467362423038,160.175004920869,False,False
324,5.399459644502963,1054.0,640.0,1190.0,435.0,0.40193540169795844,2.5558448376528466,23.0292021541884,146.43912228780718,False,False
325,5.41612464340575,1051.0,642.0,1233.0,478.0,0.3919821383237133,2.3042182246234337,22.458922170462014,132.02197934805025,False,False
326,5.432789642308537,1049.0,643.0,1267.0,535.0,0.38572009420848025,2.030767481771593,22.100133471534427,116.3544058779226,False,False
327,5.449454641211323,1049.0,643.0,1288.0,605.0,0.38572009420848025,1.7284723172199052,22.100133471534427,99.03416878189817,False,False
328,5.46611964011411,1051.0,642.0,1289.0,684.0,0.3919821383237133,1.396124127786657,22.458922170462014,79.99202019855866,False,False
329,5.482784639016898,1057.0,639.0,1262.0,763.0,0.41080013703114,1.0267977437395888,23.5371140752802,58.83117712983388,False,False
330,5.499449637919684,1066.0,635.0,1205.0,828.0,0.4384956815051151,0.6241595344826653,25.123951884955844,35.76170706870689,False,False
331,5.516114636822471,1074.0,631.0,1125.0,863.0,0.4636476090008061,0.21638584481804565,26.56505117707799,12.39799565444679,False,False
332,5.532779635725258,1078.0,629.0,1040.0,865.0,0.47622556201308874,-0.15964666966066154,27.285714799595645,-9.147080384875153,False,False
333,5.5494446346280455,1074.0,631.0,962.0,844.0,0.4636476090008061,-0.48409085725453493,26.56505117707799,-27.73636302155484,False,False
334,5.566109633530832,1064.0,636.0,896.0,810.0,0.43221142764453174,-0.7678561033400458,24.763890661355624,-43.99491399474582,False,False
335,5.582774632433619,1047.0,644.0,840.0,772.0,0.37946416800560784,-1.0169879155627206,21.741695303164533,-58.269115377550825,False,False
336,5.599439631336406,1024.0,652.0,795.0,734.0,0.31109376422980917,-1.226942740546846,17.824359723205962,-70.29864073754906,False,False
337,5.616104630239192,997.0,660.0,758.0,700.0,0.2320542127464286,-1.404969223432794,13.29572700860127,-80.49880684847186,False,False
338,5.63276962914198,967.0,666.0,724.0,673.0,0.14625691600031002,-1.5419977065544455,8.379904011417166,-88.34996060442212,False,False
339,5.649434628044767,934.0,670.0,694.0,652.0,0.05317112387776182,-1.6456561745056635,3.0464809901630283,-94.28915332881903,False,False
340,5.666099626947553,901.0,670.0,662.0,639.0,-0.039195601927054714,-1.6997833005666778,-2.2457425658950716,-97.39040920928771,False,False
341,5.68276462585034,869.0,668.0,630.0,632.0,-0.1288594685853293,-1.720300022281504,-7.383103700237985,-98.56593077299165,False,False
342,5.699429624753128,838.0,662.0,599.0,632.0,-0.21715149635581013,-1.695666254354848,-12.441864256138397,-97.15451983728954,False,False
343,5.7160946236559145,808.0,655.0,569.0,640.0,-0.3032178132602883,-1.6334756212861348,-17.373100973000447,-93.59125903720555,False,False
344,5.732759622558701,780.0,645.0,539.0,652.0,-0.38620579726468535,-1.5417588476222515,-22.127962206751583,-88.33627499570841,False,False
345,5.749424621461488,753.0,633.0,516.0,672.0,-0.4686350988177705,-1.407701034584656,-26.850813293954523,-80.65532809790032,False,False
346,5.766089620364275,728.0,620.0,501.0,697.0,-0.5470987902542573,-1.2437687765262002,-31.346451658282,-71.26270158510133,False,False
347,5.782754619267062,706.0,605.0,496.0,725.0,-0.6212206737642375,-1.0516502125483738,-35.5933227529642,-60.25511870305778,False,False
348,5.799419618169849,685.0,589.0,506.0,749.0,-0.6947382761967031,-0.8413867845980396,-39.80557109226519,-48.20791169555057,False,False
349,5.816084617072636,667.0,574.0,526.0,768.0,-0.759863439531089,-0.6284897260326391,-43.53696809142564,-36.009808769003605,False,False
350,5.832749615975422,655.0,561.0,554.0,780.0,-0.8090158184023988,-0.4321181723350779,-46.35319195377969,-24.75854752570673,False,False
351,5.84941461487821,646.0,552.0,584.0,786.0,-0.8443847730926877,-0.25900579917102823,-48.37968378332268,-14.839939161912914,False,False
352,5.866079613780997,641.0,547.0,616.0,789.0,-0.8639761935822543,-0.1029406244548341,-49.502189492040976,-5.898063321703185,False,False
353,5.882744612683784,641.0,546.0,646.0,790.0,-0.8660904205899544,0.020488935736088298,-49.62332577651476,1.173929544392628,False,False
354,5.89940961158657,643.0,549.0,675.0,793.0,-0.8561460311510559,0.1304033078891334,-49.05355423183141,7.471559176592376,False,False
355,5.916074610489358,650.0,556.0,704.0,797.0,-0.8286782062363959,0.22042564147576887,-47.4797637918171,12.629458953025388,False,False
356,5.9327396093921445,660.0,567.0,731.0,804.0,-0.7873627974119946,0.2910696477685991,-45.11256523732135,16.677062361500187,False,False
357,5.949404608294931,674.0,580.0,756.0,814.0,-0.7342616806493477,0.33705548172083405,-42.070095359390294,19.311856564352656,False,False
358,5.966069607197718,692.0,595.0,780.0,828.0,-0.6690937390064423,0.36112029000685436,-38.33624734369697,20.690668513933073,False,False
359,5.982734606100505,715.0,611.0,803.0,843.0,-0.591093783809905,0.3625442372645076,-33.867179108725864,20.77225468204583,False,False
360,5.999399605003292,743.0,628.0,823.0,861.0,-0.49979146258921103,0.33073619188281694,-28.63594144303237,18.949787927114368,False,False
361,6.016064603906079,775.0,643.0,843.0,879.0,-0.40122879900484876,0.28053679173832197,-22.98871680208064,16.07357416474639,False,False
362,6.032729602808866,811.0,656.0,859.0,894.0,-0.2943963905001789,0.19901106732975968,-16.867670679545533,11.402494234389092,False,False
363,6.049394601711652,852.0,665.0,874.0,905.0,-0.17710213104730332,0.09141120186028087,-10.147204651783303,5.237476066812514,False,False
364,6.06605960061444,895.0,670.0,887.0,909.0,-0.05596391011437931,-0.033460310449650164,-3.2064958546034346,-1.9171345699624402,False,False
365,6.082724599517227,938.0,669.0,901.0,902.0,0.0645170758447275,-0.15748332232447285,3.6965561524283164,-9.023129712890672,False,False
366,6.0993895984200135,979.0,664.0,918.0,891.0,0.18035487854214308,-0.26252072318426667,10.333573355059372,-15.041329473180662,False,False
367,6.1160545973228,1016.0,655.0,940.0,877.0,0.28715921148098983,-0.32983663152621534,16.45301086616537,-18.89824691526381,False,False
368,6.132719596225587,1050.0,642.0,966.0,862.0,0.389383428523723,-0.3647348142644133,22.31002706674328,-20.897765498838858,False,False
369,6.149384595128375,1078.0,629.0,995.0,849.0,0.47622556201308874,-0.36076170795815665,27.285714799595645,-20.67012327593354,False,False
370,6.166049594031161,1103.0,615.0,1028.0,838.0,0.5568114745785894,-0.32443871996452966,31.9029474778091,-18.58896936459435,False,False
371,6.182714592933948,1122.0,601.0,1062.0,830.0,0.6231993299340659,-0.25624867775891386,35.706691400602885,-14.68196774139361,False,False
372,6.199379591836735,1138.0,589.0,1099.0,823.0,0.6795824536902532,-0.16514867741462683,38.93720642759622,-9.462322208025617,False,False
373,6.216044590739522,1149.0,579.0,1138.0,817.0,0.7214853306087143,-0.04618561965887765,41.3380644244802,-2.6462410806501344,False,False
374,6.232709589642309,1157.0,572.0,1178.0,809.0,0.7514790417182616,0.0883767861448488,43.05657748299191,5.063616853030085,False,False
375,6.249374588545096,1160.0,569.0,1218.0,800.0,0.7634456026752018,0.24599699271376327,43.74221092111061,14.0945894554091,False,False
376,6.2660395874478825,1160.0,569.0,1257.0,786.0,0.7634456026752018,0.4203601657163518,43.74221092111061,24.08486337096684,False,False
377,6.28270458635067,1156.0,573.0,1291.0,768.0,0.7474921773876158,0.6055446636049701,42.82814698335465,34.69515353123397,False,False
378,6.299369585253457,1149.0,580.0,1318.0,745.0,0.7196249120138116,0.7973736387931285,41.231470290864614,45.68614419783523,False,False
379,6.316034584156244,1139.0,588.0,1336.0,720.0,0.6835474076448526,0.9804545462272519,39.16438155515847,56.175907503235806,False,False
380,6.33269958305903,1127.0,597.0,1344.0,693.0,0.641243776284294,1.154283591607591,36.740562020121196,66.1355781603173,False,False
381,6.349364581961817,1114.0,607.0,1343.0,669.0,0.5950337376795751,1.3063927043742964,34.0929218369342,74.85078834732903,False,False
382,6.366029580864605,1098.0,617.0,1335.0,649.0,0.541869475088164,1.436586879465718,31.046833969521096,82.31036509725475,False,False
383,6.382694579767391,1082.0,627.0,1321.0,632.0,0.4887995364964971,1.5498788759755944,28.006150469200133,88.80151834988152,False,False
384,6.399359578670178,1063.0,636.0,1304.0,623.0,0.42965566928899007,1.6246860078713197,24.61745649412779,93.08765128498506,False,False
385,6.416024577572965,1043.0,645.0,1284.0,619.0,0.3679809361449843,1.678264492720586,21.083754582380646,96.15747233955365,False,False
386,6.432689576475752,1020.0,653.0,1261.0,622.0,0.2995319890699231,1.6987245577928733,17.161918802865298,97.32974771675875,False,False
387,6.449354575378539,997.0,660.0,1239.0,632.0,0.2320542127464286,1.6859866084875808,13.29572700860127,96.59991698191388,False,False
388,6.466019574281326,971.0,665.0,1215.0,648.0,0.15776873759595397,1.6403560508604655,9.03948280335512,93.98547861305168,False,False
389,6.4826845731841125,946.0,669.0,1190.0,672.0,0.0868595507966036,1.5585018643167443,4.976685671047574,89.29557918861993,False,False
390,6.499349572086899,920.0,670.0,1162.0,702.0,0.014004686583516114,1.4393276311080276,0.8024094346389614,82.46739859905264,False,False
391,6.516014570989687,896.0,670.0,1130.0,738.0,-0.05317112387776182,1.2879871154952938,-3.0464809901630283,73.79622578510924,False,False
392,6.532679569892474,874.0,668.0,1090.0,777.0,-0.11498352298304791,1.103451876964324,-6.588070580474147,63.223135445844754,False,False
393,6.54934456879526,855.0,665.0,1041.0,819.0,-0.16883190201112078,0.8792393760267848,-9.673355432403495,50.37670542805074,False,False
394,6.566009567698047,840.0,663.0,983.0,857.0,-0.21109333322274654,0.635202544108615,-12.094757077012101,36.39442491339615,False,False
395,6.582674566600835,830.0,661.0,913.0,887.0,-0.23956233152985282,0.35196474716090664,-13.725910526974376,20.166094549709076,False,False
396,6.599339565503621,825.0,659.0,836.0,899.0,-0.25447634225614535,0.04580127978157396,-14.580420397203778,2.624220027782057,False,False
397,6.616004564406408,823.0,659.0,760.0,890.0,-0.25988270853226214,-0.2662520491509254,-14.89018236732713,-15.255118703057777,False,False
398,6.632669563309195,824.0,659.0,691.0,858.0,-0.25718144722414693,-0.5891613515805157,-14.73541149501014,-33.75645889778681,False,False
399,6.649334562211982,823.0,659.0,639.0,812.0,-0.25988270853226214,-0.8771281411474733,-14.89018236732713,-50.25574057990538,False,False
400,6.665999561114769,820.0,658.0,602.0,760.0,-0.2687030246351711,-1.1331651512544636,-15.39554925399509,-64.92558065818433,False,False
401,6.682664560017556,814.0,656.0,578.0,705.0,-0.2863670982724909,-1.3660778709930146,-16.407626122421817,-78.27049649411668,False,False
402,6.699329558920343,807.0,655.0,566.0,656.0,-0.30587887140485215,-1.56664697301503,-17.52556837372287,-89.76225954070699,False,False
403,6.715994557823129,800.0,652.0,561.0,612.0,-0.32705085811877616,-1.7366234301569994,-18.738633856337767,-99.50119315152816,False,False
404,6.732659556725917,792.0,649.0,562.0,574.0,-0.35091999741042856,-1.8860110265456076,-20.106234798359335,-108.06047193619918,False,False
405,6.749324555628704,785.0,647.0,567.0,545.0,-0.37118022263877404,-2.0084275023353295,-21.267060195928003,-115.07441934181567,False,False
406,6.76598955453149,780.0,645.0,572.0,522.0,-0.38620579726468535,-2.104828405062509,-22.127962206751583,-120.59778420933424,False,False
407,6.782654553434277,776.0,643.0,576.0,506.0,-0.3986579103093196,-2.1713840782204903,-22.841415730228924,-124.41114338393871,False,False
408,6.799319552337065,775.0,643.0,581.0,496.0,-0.40122879900484876,-2.219227551765527,-22.98871680208064,-127.15237249531513,False,False
409,6.815984551239851,775.0,643.0,584.0,493.0,-0.40122879900484876,-2.236534296833079,-22.98871680208064,-128.1439759447947,False,False
410,6.832649550142638,778.0,644.0,585.0,496.0,-0.3924290884472478,-2.2249878177957325,-22.48453052619339,-127.48241142771847,False,False
411,6.849314549045425,783.0,646.0,586.0,505.0,-0.3773959672364249,-2.1920055053813616,-21.62319612790464,-125.59266412779309,False,False
412,6.865979547948212,790.0,649.0,584.0,519.0,-0.3561588577308555,-2.1337472247664033,-20.40639938417835,-122.25471052686716,False,False
413,6.882644546850999,799.0,652.0,583.0,539.0,-0.32969390012389704,-2.052790500908823,-18.89006900830699,-117.61623192662175,False,False
414,6.899309545753786,810.0,655.0,584.0,567.0,-0.29788240885294875,-1.9421146010641037,-17.067404818464393,-111.27496997170672,False,False
415,6.915974544656573,821.0,658.0,586.0,602.0,-0.2660067707648704,-1.8047312622156184,-15.241065286731047,-103.40348448027284,False,False
416,6.932639543559359,833.0,661.0,591.0,643.0,-0.23141097468013827,-1.6450397784464779,-13.258872182180678,-94.25383643611919,False,False
417,6.949304542462147,844.0,663.0,605.0,692.0,-0.20014129704640599,-1.4500477050728726,-11.467251627033193,-83.08161359330633,False,False
418,6.965969541364934,853.0,665.0,628.0,746.0,-0.1743480499110028,-1.2252407462131845,-9.989407426236689,-70.20112364547508,False,False
419,6.98263454026772,861.0,667.0,664.0,801.0,-0.15137544373402623,-0.9734808376604899,-8.673174047879765,-55.776343434806115,False,False
420,6.999299539170507,866.0,667.0,715.0,852.0,-0.13754409436556142,-0.6845509610689183,-7.8806961040957955,-39.22188093087335,False,False
421,7.015964538073295,867.0,667.0,782.0,891.0,-0.1347712844777311,-0.36267880865381774,-7.721825800130975,-20.779965054696515,False,False
422,7.032629536976081,867.0,667.0,858.0,906.0,-0.1347712844777311,-0.03763911919938858,-7.721825800130975,-2.1565626747147917,False,False
423,7.049294535878868,868.0,667.0,932.0,899.0,-0.13199638801617536,0.26916749278570046,-7.562835944298045,15.42216131873867,False,False
424,7.065959534781655,873.0,668.0,998.0,875.0,-0.11776244605897614,0.543256372092952,-6.747291144316347,31.126297314514783,False,False
425,7.082624533684442,883.0,669.0,1054.0,840.0,-0.08964671632148652,0.7853981633974483,-5.13637849242773,45.0,False,False
426,7.099289532587229,895.0,670.0,1099.0,802.0,-0.05596391011437931,0.9964914966201949,-3.2064958546034346,57.094757077012105,False,False
427,7.115954531490016,911.0,670.0,1136.0,765.0,-0.011204012956276922,1.171280832795522,-0.6419426560045601,67.10944834375167,False,False
428,7.132619530392803,929.0,670.0,1166.0,730.0,0.039195601927054714,1.3228414819792058,2.2457425658950716,75.79323388223963,False,False
429,7.149284529295589,949.0,668.0,1191.0,700.0,0.09548340907079783,1.4393276311080276,5.470796353277877,82.46739859905264,False,False
430,7.165949528198377,969.0,665.0,1212.0,676.0,0.15222234293872042,1.5255597190157286,8.72169779798173,87.40813329476501,False,False
431,7.182614527101164,988.0,662.0,1231.0,657.0,0.2061962127229547,1.5913695553979228,11.814172740607033,91.17875916991123,False,False
432,7.19927952600395,1007.0,657.0,1250.0,645.0,0.2613259806225024,1.6201389590478665,14.97287576678692,92.82712457816127,False,False
433,7.215944524906737,1024.0,652.0,1266.0,637.0,0.31109376422980917,1.6327006012046688,17.824359723205962,93.54685365749965,False,False
434,7.232609523809524,1040.0,646.0,1281.0,636.0,0.35909972586909394,1.6122663135582986,20.57489871660391,92.37605521800633,False,False
435,7.249274522712311,1054.0,640.0,1296.0,641.0,0.40193540169795844,1.5666641189094441,23.0292021541884,89.7632419280929,False,False
436,7.265939521615098,1066.0,634.0,1307.0,651.0,0.4396925453074847,1.5003735565590948,25.1925271294836,85.96507248386905,False,False
437,7.282604520517885,1077.0,629.0,1314.0,664.0,0.4737228348249459,1.4241767571213613,27.142319094442417,81.59931746368211,False,False
438,7.299269519420672,1086.0,624.0,1317.0,683.0,0.502719769378062,1.3207312375435416,28.80372106315303,75.67232578233511,False,False
439,7.315934518323459,1093.0,620.0,1316.0,705.0,0.5254375377024191,1.2066309074867423,30.105353308094685,69.13485842903081,False,False
440,7.332599517226246,1098.0,617.0,1308.0,729.0,0.541869475088164,1.0808390005411683,31.046833969521096,61.92751306414704,False,False
441,7.349264516129033,1102.0,614.0,1294.0,754.0,0.5559071292064428,0.9407624172489815,31.851132304762913,53.901716032892,False,False
442,7.365929515031819,1104.0,613.0,1274.0,780.0,0.5621867439000292,0.7943000054057279,32.210927723673755,45.51003797696668,False,False
443,7.382594513934606,1104.0,613.0,1246.0,803.0,0.5621867439000292,0.6418147697509796,32.210927723673755,36.77327753589183,False,False
444,7.399259512837394,1101.0,615.0,1213.0,824.0,0.5520243951456549,0.49194194284930987,31.628668030108077,28.186197090731405,False,False
445,7.41592451174018,1095.0,618.0,1177.0,841.0,0.53315570550763,0.3523668169245701,30.54757174890702,20.189131450236815,False,False
446,7.432589510642967,1087.0,623.0,1138.0,856.0,0.5065505592416966,0.21548569150556338,29.02320915454079,12.346420668726836,False,False
447,7.449254509545754,1075.0,630.0,1098.0,867.0,0.46742592855280585,0.09674346233893974,26.781532941059336,5.542992087504075,False,False
448,7.465919508448541,1060.0,637.0,1059.0,877.0,0.420798694601519,-0.004166642554263516,24.109989225281495,-0.23873103309890856,False,False
449,7.482584507351328,1041.0,645.0,1021.0,884.0,0.36272582433351225,-0.08348749226241442,20.782658854713947,-4.783480948767463,False,False
450,7.499249506254115,1019.0,653.0,984.0,891.0,0.296844673376403,-0.1460122577112754,17.007946955407327,-8.36588612403259,False,False
451,7.515914505156902,994.0,660.0,950.0,896.0,0.22385024665818054,-0.184324408899699,12.825674376476206,-10.561010691196383,False,False
452,7.532579504059689,967.0,665.0,917.0,900.0,0.146666493797193,-0.20963984587421253,8.403371090560826,-12.011478386365441,False,False
453,7.549244502962476,938.0,669.0,884.0,902.0,0.0645170758447275,-0.22773899193233446,3.6965561524283164,-13.04848306828667,False,False
454,7.565909501865263,908.0,670.0,854.0,903.0,-0.019605330857204686,-0.22773899193233446,-1.123302714075429,-13.04848306828667,False,False
455,7.582574500768049,877.0,668.0,826.0,901.0,-0.10663620974912547,-0.21548569150556338,-6.109804761896692,-12.346420668726836,False,False
456,7.599239499670836,848.0,664.0,797.0,898.0,-0.1886142268449946,-0.21459288149122355,-10.806799154341304,-12.295266422998148,False,False
457,7.615904498573624,820.0,658.0,771.0,892.0,-0.2687030246351711,-0.20641910492155582,-15.39554925399509,-11.826943522873268,False,False
458,7.63256949747641,796.0,650.0,743.0,884.0,-0.33944782165441256,-0.2227376395164109,-19.448927545707313,-12.761926682996691,False,False
459,7.649234496379197,774.0,642.0,716.0,874.0,-0.40489178628508343,-0.24497866312686414,-23.19859051364819,-14.036243467926479,False,False
460,7.665899495281984,755.0,634.0,690.0,864.0,-0.4624007268539712,-0.2754261036960354,-26.49361009251414,-15.780753309515392,False,False
461,7.6825644941847715,741.0,626.0,663.0,853.0,-0.5073697276023937,-0.3309729543211049,-29.070144044319388,-18.963353415575494,False,False
462,7.699229493087558,728.0,619.0,637.0,841.0,-0.5485494024505281,-0.3890201032932934,-31.429565614838516,-22.289210064449048,False,False
463,7.715894491990345,719.0,614.0,614.0,830.0,-0.5771922138734609,-0.45247488956206683,-33.07067782276167,-25.924901507554456,False,False
464,7.732559490893132,714.0,610.0,593.0,817.0,-0.5949630479838942,-0.5289750786241577,-34.08887161571662,-30.308039472765127,False,False
465,7.749224489795918,711.0,608.0,573.0,805.0,-0.6050156564245519,-0.6110665638310787,-34.664843652463894,-35.01153510908233,False,False
466,7.765889488698706,710.0,608.0,558.0,794.0,-0.6073052251662507,-0.6851436878918729,-34.796026278268315,-39.25584167623284,False,False
467,7.782554487601493,712.0,609.0,545.0,781.0,-0.6011394057581592,-0.7706499702428534,-34.44275084894482,-44.15499077679798,False,False
468,7.799219486504279,717.0,612.0,537.0,770.0,-0.5849090325964846,-0.8503952365570512,-33.51281896685847,-48.72405797274829,False,False
469,7.815884485407066,723.0,616.0,533.0,761.0,-0.5648049094433026,-0.9189272124893197,-32.360937559369894,-52.65065095535941,False,False
470,7.832549484309854,732.0,622.0,534.0,754.0,-0.5346889039760393,-0.982793723247329,-30.635417550302794,-56.309932474020215,False,False
471,7.84921448321264,743.0,628.0,538.0,751.0,-0.49979146258921103,-1.0303768265243125,-28.63594144303237,-59.03624346792648,False,False
472,7.865879482115427,756.0,634.0,547.0,751.0,-0.4599023081609703,-1.0604537137507601,-26.350461245948594,-60.75952216689287,False,False
473,7.882544481018214,770.0,641.0,560.0,754.0,-0.4162424522193643,-1.0771389680920471,-23.8489357663454,-61.71551682075095,False,False
474,7.8992094799210015,786.0,647.0,576.0,762.0,-0.3685774823850525,-1.0697829399913072,-21.11793416422095,-61.29404745659892,False,False
475,7.915874478823788,802.0,653.0,596.0,775.0,-0.3208679420927306,-1.0361074228188574,-18.38437886296156,-59.36458244969721,False,False
476,7.932539477726575,820.0,658.0,622.0,791.0,-0.2687030246351711,-0.9793053653039,-15.39554925399509,-56.11006428643079,False,False
477,7.949204476629362,839.0,662.0,652.0,811.0,-0.21441752903457936,-0.8980148856558342,-12.285219467305186,-51.45246288800251,False,False
478,7.965869475532148,857.0,666.0,687.0,833.0,-0.1628508873409757,-0.7943000054057279,-9.330668534598352,-45.51003797696668,False,False
479,7.982534474434936,874.0,668.0,727.0,855.0,-0.11498352298304791,-0.6662053648835761,-6.588070580474147,-38.17075569680193,False,False
480,7.999199473337723,892.0,669.0,774.0,876.0,-0.0645170758447275,-0.5181049902083273,-3.6965561524283164,-29.685229283604,False,False
481,8.01586447224051,908.0,670.0,826.0,894.0,-0.019605330857204686,-0.35091999741042856,-1.123302714075429,-20.106234798359335,False,False
482,8.032529471143297,923.0,670.0,883.0,905.0,0.022405213741150863,-0.16859693960942962,1.2837241864564621,-9.659893078442336,False,False
483,8.049194470046084,936.0,669.0,941.0,907.0,0.05892048597786035,0.021005313472176913,3.3758951733911453,1.203515809305026,False,False
484,8.06585946894887,949.0,668.0,998.0,902.0,0.09548340907079783,0.20641910492155582,5.470796353277877,11.826943522873268,False,False
485,8.082524467851657,963.0,666.0,1052.0,888.0,0.13514844725273756,0.3812827744718905,7.743435635328288,21.845893778277734,False,False
486,8.099189466754444,976.0,663.0,1099.0,868.0,0.17255252176542368,0.5404195002705842,9.886531241498053,30.96375653207352,False,False
487,8.11585446565723,990.0,661.0,1141.0,847.0,0.212270495716091,0.6819116146255717,12.162203519681835,39.07065751899672,False,False
488,8.132519464560017,1004.0,657.0,1176.0,824.0,0.2531696062207922,0.8001463565520431,14.505549937440385,45.84500922320202,False,False
489,8.149184463462804,1017.0,653.0,1206.0,801.0,0.2914567944778671,0.9064648979653952,16.69924423399362,51.93661293017395,False,False
490,8.165849462365593,1031.0,649.0,1231.0,782.0,0.3324263053840973,0.9839484571451695,19.04662429763581,56.37609385282717,False,False
491,8.18251446126838,1043.0,644.0,1251.0,764.0,0.36899458843172434,1.047518004662921,21.141832580304634,60.01836063115067,False,False
492,8.199179460171166,1054.0,639.0,1267.0,750.0,0.40303925042729033,1.090390510211853,23.092448027599996,62.474774256255664,False,False
493,8.215844459073953,1064.0,635.0,1280.0,740.0,0.43339202722120995,1.1183214372328298,24.831534034394217,64.07509849244555,False,False
494,8.23250945797674,1073.0,631.0,1288.0,733.0,0.46112872264042926,1.1278224636741518,26.420729619555328,64.6194672085755,False,False
495,8.249174456879526,1079.0,627.0,1295.0,729.0,0.481322535880581,1.1296168463799159,27.577749890491425,64.72227776444704,False,False
496,8.265839455782313,1083.0,625.0,1299.0,729.0,0.49394136891958124,1.1220729827841756,28.30075576600638,64.29004621918874,False,False
497,8.2825044546851,1086.0,624.0,1298.0,731.0,0.502719769378062,1.1033822572620609,28.80372106315303,63.219146530734115,False,False
498,8.299169453587886,1086.0,624.0,1296.0,736.0,0.502719769378062,1.0808390005411683,28.80372106315303,61.92751306414704,False,False
499,8.315834452490675,1084.0,625.0,1290.0,744.0,0.4964227534048819,1.0469578590836397,28.44292862436335,59.98626665354493,False,False
500,8.332499451393462,1080.0,627.0,1280.0,754.0,0.48382141652630206,1.0050382970528062,27.720925204998167,57.584452670141324,False,False
501,8.349164450296248,1074.0,630.0,1268.0,767.0,0.46490864238029106,0.9559310276476498,26.637303067547595,54.770813389813945,False,False
502,8.365829449199035,1067.0,634.0,1252.0,783.0,0.44224030038480416,0.8927680854329957,25.338502742647034,51.151843379285566,False,False
503,8.382494448101822,1057.0,638.0,1231.0,800.0,0.4119261019516955,0.8210972760767723,23.601627113107813,47.04540848888723,False,False
504,8.399159447004608,1046.0,643.0,1207.0,818.0,0.37789132031191613,0.7437555842988599,21.651577768499113,42.61405596961119,False,False
505,8.415824445907395,1034.0,648.0,1179.0,836.0,0.34132100923809705,0.6569796522436236,19.556253288488744,37.64216129953216,False,False
506,8.432489444810182,1020.0,653.0,1146.0,854.0,0.2995319890699231,0.5599397971143883,17.161918802865298,32.08218715606604,False,False
507,8.44915444371297,1004.0,657.0,1109.0,870.0,0.2531696062207922,0.45799795159722173,14.505549937440385,26.241349652157766,False,False
508,8.465819442615757,988.0,661.0,1069.0,885.0,0.20677200871709028,0.3469776052196545,11.84716342093154,19.880352364642647,False,False
509,8.482484441518544,971.0,664.0,1026.0,896.0,0.15821076838302692,0.23277174150088592,9.064809301869246,13.336838377910954,False,False
510,8.49914944042133,953.0,667.0,980.0,904.0,0.10693515399498359,0.11343499180721633,6.126933005494084,6.499346279654567,False,False
511,8.515814439324117,934.0,669.0,935.0,908.0,0.05332019843747601,0.004184076002074724,3.0550223332674222,0.23972989608085238,False,False
512,8.532479438226904,915.0,669.0,889.0,908.0,0.0,-0.10836048658117757,0.0,-6.208598547085466,False,False
513,8.54914443712969,896.0,669.0,844.0,903.0,-0.05332019843747601,-0.21866894587394195,-3.0550223332674222,-12.528807709151511,False,False
514,8.565809436032477,876.0,668.0,802.0,896.0,-0.10942036342490255,-0.31383515242790877,-6.269325017034554,-17.981429696964042,False,False
515,8.582474434935264,857.0,665.0,763.0,886.0,-0.16330536153002728,-0.4021580588140333,-9.356707987528639,-23.041959467218046,False,False
516,8.599139433838053,838.0,662.0,726.0,873.0,-0.21715149635581013,-0.487987370663628,-12.441864256138397,-27.95961679471201,False,False
517,8.61580443274084,820.0,657.0,694.0,862.0,-0.26944692645950047,-0.5511104685611261,-15.438171688901246,-31.57630389402977,False,False
518,8.632469431643626,803.0,652.0,665.0,849.0,-0.3190933418729768,-0.6110665638310787,-18.282701760046677,-35.01153510908233,False,False
519,8.649134430546413,787.0,647.0,640.0,836.0,-0.36596949879229507,-0.6610431688506869,-20.968507711316587,-37.874983651098205,False,False
520,8.6657994294492,773.0,641.0,618.0,825.0,-0.40856553904473136,-0.7000602057283913,-23.409081041750554,-40.11049519329696,False,False
521,8.682464428351986,761.0,636.0,600.0,814.0,-0.44489980580306177,-0.7352926439455092,-25.49088117870537,-42.129165205093244,False,False
522,8.699129427254773,751.0,631.0,585.0,804.0,-0.4761469580201678,-0.76475212986323,-27.2812111225484,-43.817069414803726,False,False
523,8.71579442615756,743.0,627.0,574.0,797.0,-0.5011300456924676,-0.7824483194462039,-28.712636605376492,-44.830986391371496,False,False
524,8.732459425060346,737.0,624.0,564.0,790.0,-0.5198383952020432,-0.8060441969316666,-29.78454607393082,-46.182930585196274,False,False
525,8.749124423963135,734.0,622.0,559.0,786.0,-0.5298834916790401,-0.8178351598988528,-30.360087706864476,-46.8585029996111,False,False
526,8.765789422865922,732.0,621.0,557.0,784.0,-0.5361112454516506,-0.8208862165611219,-30.71691171388173,-47.03331566941439,False,False
527,8.782454421768708,733.0,622.0,557.0,785.0,-0.5322895980906402,-0.8237274646460384,-30.49794744930853,-47.19610719322973,False,False
528,8.799119420671495,736.0,623.0,561.0,787.0,-0.5236505882850908,-0.8178351598988528,-30.00296864827841,-46.8585029996111,False,False
529,8.815784419574282,741.0,626.0,570.0,793.0,-0.5073697276023937,-0.7972319305005993,-29.070144044319388,-45.678024910751304,False,False
530,8.832449418477069,748.0,630.0,581.0,801.0,-0.48486789392041424,-0.7735643962942974,-27.780883943036642,-44.3219750892487,False,False
531,8.849114417379855,756.0,634.0,595.0,810.0,-0.4599023081609703,-0.7409171370285529,-26.350461245948594,-42.451424920652165,False,False
532,8.865779416282642,767.0,639.0,613.0,821.0,-0.42616517230914464,-0.702256931509007,-24.417465748779488,-40.23635830927382,False,False
533,8.882444415185429,780.0,644.0,633.0,833.0,-0.38725952120479445,-0.6610431688506869,-22.18833614129173,-37.874983651098205,False,False
534,8.899109414088217,794.0,650.0,658.0,845.0,-0.34471471468781695,-0.6090030164042272,-19.75069828766824,-34.89330255069866,False,False
535,8.915774412991004,811.0,655.0,686.0,858.0,-0.295208116645245,-0.5519297832910718,-16.914179161778243,-31.623247170148556,False,False
536,8.93243941189379,829.0,659.0,717.0,870.0,-0.24361811974866845,-0.487987370663628,-13.958290074511394,-27.95961679471201,False,False
537,8.949104410796577,847.0,663.0,751.0,881.0,-0.19189506526884237,-0.41481428312106017,-10.994777349292134,-23.76710770458157,False,False
538,8.965769409699364,867.0,667.0,787.0,891.0,-0.1347712844777311,-0.3430239404207034,-7.721825800130975,-19.65382405805331,False,False
539,8.98243440860215,887.0,668.0,827.0,899.0,-0.07871029073732481,-0.2541247495556341,-4.5097674634963685,-14.560275619356876,False,False
540,8.999099407504938,907.0,669.0,868.0,904.0,-0.022468128585825472,-0.1644585463992785,-1.2873289415250384,-9.42278061353508,False,False
541,9.015764406407724,927.0,669.0,910.0,906.0,0.03369510734601632,-0.07160731485126633,1.9305874411669917,-4.102796923242021,False,False
542,9.032429405310513,947.0,667.0,953.0,905.0,0.0901504628943286,0.025204745326941735,5.165241044995761,1.4441255309358456,False,False
543,9.0490944042133,965.0,665.0,994.0,901.0,0.14110150982370556,0.12226840393911868,8.084520995822054,7.00546351351223,False,False
544,9.065759403116086,983.0,662.0,1034.0,895.0,0.1924314528047609,0.21548569150556338,11.025510091283687,12.346420668726836,False,False
545,9.082424402018871,1000.0,658.0,1072.0,885.0,0.24156570709532596,0.30714335966663053,13.840695491655623,17.598018214366604,False,False
546,9.09908940092166,1015.0,653.0,1107.0,873.0,0.2860514417173182,0.39608144156430747,16.389540334034784,22.69379494509236,False,False
547,9.115754399824446,1030.0,649.0,1139.0,861.0,0.32976463037432135,0.47490416918385475,18.894121553140206,27.210004567401686,False,False
548,9.132419398727231,1043.0,644.0,1167.0,848.0,0.36899458843172434,0.5461665634337878,21.141832580304634,31.293038995920195,False,False
549,9.14908439763002,1054.0,639.0,1191.0,834.0,0.40303925042729033,0.612444766409215,23.092448027599996,35.09050030012359,False,False
550,9.165749396532808,1064.0,634.0,1211.0,822.0,0.4345786819687224,0.6636157467843974,24.899524343165844,38.022381509168305,False,False
551,9.182414395435591,1073.0,630.0,1228.0,811.0,0.46238498340914935,0.708171106023464,26.492708059570848,40.57521554825604,False,False
552,9.199079394338382,1079.0,627.0,1240.0,802.0,0.481322535880581,0.7437555842988599,27.577749890491425,42.61405596961119,False,False
553,9.215744393241168,1084.0,624.0,1250.0,795.0,0.4977683689885392,0.7705624566784743,28.520026718153947,44.149976618908916,False,False
554,9.232409392143955,1088.0,622.0,1256.0,790.0,0.5103897706211453,0.7853981633974483,29.243179763241805,45.0,False,False
555,9.249074391046742,1088.0,622.0,1257.0,789.0,0.5103897706211453,0.79135047405204,29.243179763241805,45.34104227885886,False,False
556,9.265739389949529,1088.0,622.0,1257.0,790.0,0.5103897706211453,0.7883655137385233,29.243179763241805,45.1700166508803,False,False
557,9.282404388852315,1086.0,623.0,1252.0,793.0,0.5040806809062743,0.7734939638391385,28.8816955500103,44.31793960682735,False,False
558,9.299069387755102,1082.0,626.0,1244.0,799.0,0.4901231362339697,0.7525741359704854,28.081987147921936,43.11932176181337,False,False
559,9.315734386657889,1075.0,629.0,1234.0,806.0,0.4686980711098787,0.7318778949381332,26.85442134051859,41.9335144988741,False,False
560,9.332399385560675,1066.0,633.0,1220.0,815.0,0.44089553068171616,0.702256931509007,25.261453114243032,40.23635830927382,False,False
561,9.349064384463464,1056.0,638.0,1203.0,825.0,0.4093394960224474,0.6662053648835761,23.453425510098384,38.17075569680193,False,False
562,9.36572938336625,1044.0,643.0,1183.0,836.0,0.3726449038498295,0.6241595344826653,21.350980247653595,35.76170706870689,False,False
563,9.382394382269036,1030.0,648.0,1160.0,847.0,0.3306788885764789,0.5786679855330974,18.94650468950905,33.155233310383856,False,False
564,9.399059381171824,1014.0,654.0,1134.0,859.0,0.2825549524695875,0.5295895987820763,16.189206257026942,30.34324888423958,False,False
565,9.41572438007461,997.0,658.0,1104.0,871.0,0.2333512801704803,0.46552377940730005,13.370043497743337,26.672547823017435,False,False
566,9.432389378977398,979.0,662.0,1072.0,881.0,0.18136597658220027,0.4015805401088795,10.391505005428598,23.008870082822874,False,False
567,9.449054377880184,961.0,665.0,1037.0,891.0,0.1299454324632558,0.3244030680696465,7.445324847146834,18.586926661485904,False,False
568,9.465719376782973,942.0,668.0,999.0,900.0,0.07591019393889259,0.2409177717439294,4.349333734718108,13.803571530623273,False,False
569,9.48238437568576,922.0,669.0,961.0,905.0,0.019660387841127475,0.16377410783361504,1.1264572468869243,9.383565172386575,False,False
570,9.499049374588546,904.0,669.0,920.0,907.0,-0.030889048563484685,0.0671258882021007,-1.7698121158623108,3.846030090047376,False,False
571,9.515714373491331,885.0,668.0,879.0,907.0,-0.08430673252620663,-0.025099330520065605,-4.830419958289941,-1.4380857074036568,False,False
572,9.53237937239412,867.0,666.0,838.0,903.0,-0.13514844725273756,-0.12175759779046096,-7.743435635328288,-6.976196477044811,False,False
573,9.549044371296906,851.0,664.0,797.0,897.0,-0.18035487854214308,-0.22773899193233446,-10.333573355059372,-13.04848306828667,False,False
574,9.565709370199691,835.0,660.0,760.0,888.0,-0.2265883660532055,-0.317798005809892,-12.98255706161405,-18.208484470580824,False,False
575,9.58237436910248,821.0,657.0,724.0,876.0,-0.26674393302665095,-0.41695260495747566,-15.28330157314739,-23.88962452104884,False,False
576,9.599039368005268,808.0,653.0,691.0,863.0,-0.304893233875535,-0.5083106250108272,-17.469095503163295,-29.124053494777428,False,False
577,9.615704366908052,796.0,650.0,663.0,849.0,-0.33944782165441256,-0.5891613515805157,-19.448927545707313,-33.75645889778681,False,False
578,9.632369365810842,785.0,646.0,638.0,835.0,-0.37219488019475216,-0.6610431688506869,-21.32519579153661,-37.874983651098205,False,False
579,9.649034364713629,777.0,642.0,616.0,821.0,-0.39716282719760654,-0.7325063645317282,-22.75575377790648,-41.96952315413941,False,False
580,9.665699363616415,769.0,639.0,599.0,809.0,-0.42106684608490996,-0.7853981633974483,-24.12535317354997,-45.0,False,False
581,9.682364362519202,763.0,636.0,585.0,797.0,-0.4398425828157362,-0.8355036828493874,-25.20112364547507,-47.870834794906756,False,False
582,9.699029361421989,758.0,635.0,575.0,789.0,-0.4536604254618908,-0.8712401007256189,-25.992827711075613,-49.91838071413069,False,False
583,9.715694360324775,756.0,633.0,569.0,784.0,-0.461144485317561,-0.8915070078796207,-26.421632754428806,-51.07958895783849,False,False
584,9.732359359227562,755.0,633.0,566.0,781.0,-0.4636476090008061,-0.9064648979653952,-26.56505117707799,-51.93661293017395,False,False
585,9.749024358130349,755.0,633.0,567.0,781.0,-0.4636476090008061,-0.903888122555586,-26.56505117707799,-51.78897457443879,False,False
586,9.765689357033136,758.0,634.0,572.0,784.0,-0.4548868819482898,-0.8921338360465839,-26.06309849150272,-51.115503566285405,False,False
587,9.782354355935924,762.0,636.0,579.0,790.0,-0.4423742229767449,-0.8712401007256189,-25.34617594194669,-49.91838071413069,False,False
588,9.79901935483871,768.0,639.0,589.0,797.0,-0.42361893937143486,-0.8476322329558251,-24.27157734779152,-48.565749527618586,False,False
589,9.815684353741498,775.0,642.0,603.0,809.0,-0.4023210978604407,-0.8001463565520431,-23.051300916473025,-45.84500922320202,False,False
590,9.832349352644284,784.0,645.0,621.0,820.0,-0.37582378906865443,-0.7499101102337746,-21.533116954248783,-42.96668433058561,False,False
591,9.849014351547073,795.0,649.0,643.0,833.0,-0.3430239404207034,-0.690446457054692,-19.65382405805331,-39.559667968994496,False,False
592,9.865679350449858,807.0,653.0,669.0,847.0,-0.30756710840533347,-0.6182963634663426,-17.622297228668277,-35.42577211490818,False,False
593,9.882344349352644,820.0,657.0,698.0,861.0,-0.26944692645950047,-0.5389764998291462,-15.438171688901246,-30.88107869694361,False,False
594,9.899009348255433,834.0,660.0,730.0,874.0,-0.22932303284857533,-0.45236989166241065,-13.139241927363306,-25.918885571046417,False,False
595,9.915674347158218,849.0,663.0,765.0,886.0,-0.1863827892261562,-0.3602441466108803,-10.678947196535141,-20.6404691950955,False,False
596,9.932339346061006,865.0,666.0,803.0,895.0,-0.14070705119920884,-0.2644036224206001,-8.061920181445856,-15.149211652670974,False,False
597,9.949004344963791,882.0,668.0,842.0,902.0,-0.09269137247114732,-0.16930377815578745,-5.310824439871846,-9.700391943945801,False,False
598,9.96566934386658,899.0,669.0,882.0,906.0,-0.04491359546978934,-0.07160731485126633,-2.573359463176823,-4.102796923242021,False,False
599,9.982334342769366,917.0,669.0,923.0,907.0,0.005617918424955363,0.025204745326941735,0.3218830153987252,1.4441255309358456,False,False
600,9.998999341672151,935.0,668.0,962.0,905.0,0.05627853628876196,0.11343499180721633,3.2245226065199075,6.499346279654567,False,False
601,10.01566434057494,952.0,666.0,1000.0,901.0,0.10443452613559136,0.201483844513154,5.983657583018076,11.544173930673832,False,False
602,10.032329339477728,969.0,664.0,1035.0,894.0,0.15264932839526515,0.2794477641263722,8.74616226255521,16.011177478808456,False,False
603,10.048994338380512,986.0,661.0,1068.0,885.0,0.20126080840848024,0.35091999741042856,11.531394903196988,20.106234798359335,False,False
604,10.065659337283302,1002.0,657.0,1098.0,876.0,0.24771276431135902,0.4131288322784014,14.192895926559755,23.670538484720456,False,False
605,10.082324336186089,1018.0,652.0,1124.0,866.0,0.2949712433768762,0.4599023081609703,16.900607323221244,26.350461245948594,False,False
606,10.098989335088875,1031.0,648.0,1147.0,856.0,0.3333468231535526,0.5087298243155532,19.099366080792393,29.148071845713044,False,False
607,10.115654333991662,1044.0,643.0,1167.0,848.0,0.3726449038498295,0.5404195002705842,21.350980247653595,30.96375653207352,False,False
608,10.132319332894449,1055.0,638.0,1184.0,839.0,0.40674707172597097,0.5705827629957897,23.304890539203114,32.69198418257207,False,False
609,10.148984331797235,1064.0,634.0,1197.0,831.0,0.4345786819687224,0.5938368430683221,24.899524343165844,34.02434482718745,False,False
610,10.165649330700022,1071.0,630.0,1209.0,824.0,0.45731857958460426,0.6182963634663426,26.202424503115477,35.42577211490818,False,False
611,10.182314329602807,1076.0,628.0,1217.0,819.0,0.47249693551706384,0.6359191142360691,27.072080237992765,36.43548135742442,False,False
612,10.198979328505596,1080.0,626.0,1222.0,816.0,0.4851360834766776,0.6418147697509796,27.796250072720017,36.77327753589183,False,False
613,10.215644327408384,1081.0,625.0,1224.0,815.0,0.4889586581436544,0.6451831929932239,28.015267468011416,36.9662739712862,False,False
614,10.23230932631117,1081.0,625.0,1223.0,815.0,0.4889586581436544,0.6418147697509796,28.015267468011416,36.77327753589183,False,False
615,10.248974325213958,1078.0,626.0,1219.0,818.0,0.4801226708413359,0.6334258829691446,27.50900268775738,36.2926297284796,False,False
616,10.265639324116744,1074.0,629.0,1212.0,822.0,0.4661760486190028,0.6207394418475843,26.70992009595433,35.56575019517298,False,False
617,10.282304323019533,1068.0,632.0,1202.0,829.0,0.4472141959393023,0.5973154891344067,25.62348596565866,34.223656565193885,False,False
618,10.298969321922318,1060.0,636.0,1188.0,836.0,0.42195244537263477,0.5693131911006619,24.176094275076395,32.61924307119283,False,False
619,10.315634320825104,1051.0,640.0,1172.0,844.0,0.3941395124939822,0.5353580828991518,22.58253060524896,30.67375867833625,False,False
620,10.332299319727891,1039.0,645.0,1153.0,853.0,0.35744966707596615,0.5013655614676703,20.48035731180924,28.72613066530436,False,False
621,10.348964318630678,1026.0,649.0,1130.0,863.0,0.3190695956723733,0.45236989166241065,18.281341202972627,25.918885571046417,False,False
622,10.365629317533466,1011.0,654.0,1106.0,872.0,0.2744222065489302,0.4109657038594954,15.72323423992104,23.546600355772334,False,False
623,10.382294316436251,995.0,658.0,1079.0,881.0,0.22785704871709972,0.3602441466108803,13.055247223796602,20.6404691950955,False,False
624,10.39895931533904,978.0,662.0,1049.0,889.0,0.17859246641299334,0.303135683518947,10.232594578296426,17.36839528544909,False,False
625,10.415624314241828,960.0,665.0,1018.0,896.0,0.1271512123551379,0.24599699271376327,7.285227827921091,14.0945894554091,False,False
626,10.432289313144611,941.0,667.0,985.0,902.0,0.0733146881032707,0.18509101269405182,4.200622204635398,10.604933853171515,False,False
627,10.4489543120474,922.0,668.0,950.0,905.0,0.01971575488502442,0.1175983406109762,1.129629544826335,6.737888594750847,False,False
628,10.465619310950188,904.0,668.0,914.0,907.0,-0.030976004397606748,0.041816613207517075,-1.7747943181615446,2.3959154503217444,False,False
629,10.482284309852972,885.0,668.0,879.0,907.0,-0.08430673252620663,-0.025099330520065605,-4.830419958289941,-1.4380857074036568,False,False
630,10.49894930875576,868.0,666.0,844.0,904.0,-0.13236596911453966,-0.10050059905462982,-7.584011381422129,-5.75826016436676,False,False
631,10.515614307658549,851.0,663.0,809.0,899.0,-0.1808590298708792,-0.17612217382581954,-10.362459098431865,-10.091057238888915,False,False
632,10.532279306561335,836.0,660.0,775.0,893.0,-0.22385024665818054,-0.2560557528441775,-12.825674376476206,-14.670913958016294,False,False
633,10.548944305464122,822.0,657.0,743.0,883.0,-0.26403694078767653,-0.3362805753700938,-15.128202342679488,-19.267457700937356,False,False
634,10.565609304366909,809.0,653.0,713.0,873.0,-0.3022148517248145,-0.41145624341370224,-17.315635510003837,-23.574706201912615,False,False
635,10.582274303269696,798.0,650.0,687.0,862.0,-0.33416126468554264,-0.4823370214477118,-19.146030143235592,-27.635875631864955,False,False
636,10.598939302172482,788.0,647.0,662.0,851.0,-0.36335629158388894,-0.5532943253222926,-20.81878196728175,-31.701429669505718,False,False
637,10.615604301075267,780.0,644.0,642.0,840.0,-0.38725952120479445,-0.6134600655737035,-22.18833614129173,-35.14867265719194,False,False
638,10.632269299978056,774.0,641.0,625.0,829.0,-0.4059951326560384,-0.6701836821064823,-23.261807604044986,-38.398696483238666,False,False
639,10.648934298880842,770.0,639.0,610.0,819.0,-0.41850890555333425,-0.7266423406817256,-23.978793976845232,-41.6335393365702,False,False
640,10.665599297783633,767.0,638.0,601.0,811.0,-0.4273227421457935,-0.76475212986323,-24.483789614911117,-43.817069414803726,False,False
